﻿{
  "decimal": "",
  "buttons": {
    "colvis": "Change columns"
  },
  "emptyTable": "No data available in table",
  "info": "",
  "infoEmpty": "",
  "infoFiltered": "(filtered from _MAX_ total entries)",
  "infoPostFix": "",
  "thousands": ",",
  "lengthMenu": "show _MENU_ Record",

  "loadingRecords": "Loading...",
  "processing": "Processing...",
  "search": "Search:",
  "zeroRecords": "No data available in table",
  "paginate": {
    "first": "First",
    "last": "Last",
    "next": "Next",
    "previous": "Previous"
  },
  "aria": {
    "sortAscending": ": activate to sort column ascending",
    "sortDescending": ": activate to sort column descending"
  }
}

